;0;1;2;3;4;5;6;7;8;9;10;11;type
991;65318.8937691;148965.016306;67860.6434987;83407.1331485;39166.9166981;-3017.19162338;64516.6600191;-14767.2421508;1195.37947604;-6923.25993019;-224.037354901;5337.43338219;0.0
1104;-25372.6576029;-3778.76394804;19578.4452343;-3508.73960797;-7850.6693144;-3944.97353021;2723.64091591;-1242.40573431;839.439247122;459.026381371;-383.812801652;-190.518753981;0.0
727;-3219.21613203;-6549.60651552;-6890.70690171;11485.3760439;4158.60253255;-6343.36374773;-3252.29315216;-3693.12713491;2400.12582848;-2130.47722787;-1791.95205023;-395.942059423;0.0
801;-22244.5439979;1692.58971808;8334.20219978;-2197.62049752;-5650.77745032;-9370.64693926;1204.88692847;-964.938639642;2021.26101974;65.5014730026;-410.064328279;1362.51294378;1.0
911;13907.421376;13769.389083;-7147.10335136;-2438.99499804;-2187.67996112;12302.2278712;-987.402259651;-2569.55011549;-775.387346172;64.3750132903;1031.61438487;-1421.97694321;1.0
2018;-7488.2296603;-21040.3131269;13719.7948373;5248.79650971;826.877102807;8622.57128825;4695.2692683;3859.10058559;620.154078703;-1116.5104413;7427.0466977;3521.82709127;0.0
1609;-31815.6480365;-1134.81419408;18499.8560304;-14854.3911503;4290.13353958;-3697.36238241;4728.80683432;3134.36035505;-1294.20590714;-854.223449461;-749.204585329;-26.7858108795;0.0
1523;127025.357027;590.160490981;-3176.81117319;-29011.3180443;-12736.098705;-5922.7546337;1836.85667341;-774.578579614;-106.773005755;-13780.0190658;1940.13435969;7450.6905698;0.0
1608;-16777.5758407;9482.92133772;-10873.6409663;-5677.18130642;1306.11368373;-4087.68589688;3949.59209044;3912.11034199;-3133.29241185;-5613.55615092;-2313.58392565;-4796.31706698;0.0
869;-2823.7374661;-3014.7745117;-9123.04235956;6076.41305312;1461.14877381;-6559.65033154;-3517.62477331;918.380685941;-4551.56228948;-1696.61930865;4562.00789963;1258.96759078;1.0
1729;-5583.79105292;797.486603255;-6503.36493866;981.887042014;-1226.64125508;-4206.25356364;5158.21622064;2880.47801648;-2684.00765814;-535.933562071;264.5417465;-55.3348289973;0.0
890;-11618.1899819;14033.6741911;-14853.3008619;1047.55978568;-24.4744492938;25169.5133393;-6895.60815557;-3712.72990167;-5828.86766579;-7509.29103928;4088.3962009;1366.48842169;1.0
1521;2198.40327017;1087.84076788;-17649.2615718;3959.78843999;836.809160042;-10839.1469811;-4316.3997386;-3268.75793091;-3370.12595789;-3355.64464458;1545.39454188;-3288.17982805;0.0
1792;-13686.2688778;390.932828114;2239.94476997;2582.61278825;-1369.91721552;3870.06431528;2306.4581009;192.483632364;1815.1681082;2881.00060878;-55.4231878629;506.341325187;0.0
743;-1553.05319331;4255.59381026;-14011.4860915;5744.65693745;2055.45855682;1265.38587837;-1647.77566995;-3435.57583662;2255.8607292;-1219.08739819;3379.3522575;-1784.41523952;1.0
804;-42386.0924849;3404.90602209;21647.3148009;-7501.06252989;-10552.36916;-3038.20916914;1903.61601926;-1858.81640125;378.466423065;-1295.63086052;2315.74583442;356.643872254;1.0
1604;14747.5283421;-19527.3182817;14623.1213864;7466.3163283;1567.88893572;-7824.03535122;-2740.14693317;-4757.14578672;-5152.34570402;1583.54742646;558.658407295;-1239.09696635;0.0
1756;-37835.7840046;258.374526161;13349.9431623;-1946.27154163;-4853.86799922;-2677.46458352;2117.12479724;-867.453929314;3544.67409746;-1271.52348773;-2188.473627;131.679210735;0.0
789;-14877.4519016;-4402.28332876;-3210.32569214;-1934.97634449;-3516.90539249;-7176.33772876;4023.24769179;4981.30705163;-1166.1891349;-3480.37102273;2380.48435575;3049.49113599;1.0
828;34395.8136103;-8957.39632407;17981.0417656;-2749.92189565;2866.85092583;2756.17547985;1672.08319999;1772.52582978;-5221.00927753;6872.3269624;-1440.35970762;1780.07394696;1.0
817;76222.7604228;28511.7323414;12016.214286;-8455.52454298;-5519.29740169;-6837.39448418;-13893.5236865;-13332.0787623;-861.531327553;-4531.53233545;-7452.84422804;5349.70855772;1.0
1007;14595.7489764;4495.68810758;-17885.5560572;-4.68590172433;412.278290962;-6517.20351323;3927.7461375;593.783713753;11915.98574;-466.74635796;-7257.79196328;-2787.63569357;0.0
897;-1816.888894;11396.7670937;-8870.02069838;-3486.01522586;-3792.47845528;16822.6153697;-1443.90882516;1108.43039316;-3853.1965739;7150.51783394;-509.255386361;365.719065042;1.0
824;-625.818912832;-323.539322045;60.2481237189;703.966083661;-2092.60389699;7376.56069634;-5754.44102154;-2184.3128641;-1975.26337844;1448.39548289;-1807.43293254;822.1480457;1.0
922;-16581.2281579;4086.01064472;-7172.85580199;1339.86560397;-1079.58124515;2691.43340046;3198.84604188;812.725552557;-2497.31629566;406.32486377;-2693.03474076;-6141.45542875;1.0
710;-2487.05720477;-9517.64815821;-19986.0057545;7576.11290509;3416.80763283;-6461.92683751;2538.75236691;2333.74189035;4652.4725751;-4586.02246775;1844.95878137;-1507.69204542;0.0
833;6468.75145438;26797.7977186;-21351.858869;-11178.679182;-6632.69093908;2451.42646359;-6145.82244826;-6099.96732526;-1068.3871472;1222.58647356;2224.92750093;1077.04559528;1.0
924;-1911.03877701;-4527.68409919;-10420.2737652;9375.7990071;4354.74416955;7764.07386092;-5783.80292258;-2753.22391799;3025.6926459;-1533.24930917;2353.89242031;-4003.57895127;1.0
1695;-3620.17699534;-6711.62003496;1005.2286777;7845.90351632;2194.37522636;-4543.19449962;-1774.7508459;3172.52149806;-3633.13799413;-1761.05960824;2044.32932637;90.2295200013;0.0
702;-14205.5534336;-8616.47072049;-2855.02754951;10209.8187013;2791.0888586;-1252.12818696;-818.944544713;558.798264467;-3937.98681594;-60.6477927004;-901.200065132;158.204024237;0.0
1660;5167.72325461;-2064.16879674;-14476.8480346;4156.77709746;1168.06923572;-6365.76125362;6228.26290047;7289.74031455;-2317.54197055;-682.854796145;-64.8370713457;-1204.04087532;0.0
907;-14241.4477417;14432.653779;-11535.1126773;-3383.85393896;-3778.14462851;6690.29338563;-1861.46736914;-2729.65793022;1152.64722697;-1669.6717025;2032.07571612;-1199.00081855;1.0
1549;793.761809137;6795.73631486;8315.65302608;-5400.54939582;-5557.76813913;-1891.96337161;78.936092335;-665.65740327;-2348.93123326;4550.15634944;911.627697831;-2363.01793645;0.0
941;17135.7646451;-20074.4430314;10456.033269;1072.15221795;4428.48859036;14854.6363273;-369.245797232;4512.27987106;-1747.03486667;313.707028452;-3030.02932172;-156.846110429;1.0
778;-8513.53878167;755.630509966;-19152.3946686;2751.7190181;1004.80069107;-3365.81749999;1389.00160823;6071.59754658;-2283.28711114;-688.232891925;-608.828077269;-1314.12175094;1.0
900;-12516.2935714;-3553.14545223;-11597.3610319;8686.94857518;2964.62046866;6251.68832405;-8503.80449425;-1914.72514831;1822.17782528;-1730.61883441;-6761.8247793;-424.272043994;1.0
1746;-21386.2869733;-1076.22351077;196.457739624;4166.80066732;316.52348788;1504.6008717;-2744.22929854;-3594.56372274;11854.5266658;4696.20241178;2980.34845411;1847.46543297;0.0
868;18106.1855095;722.467442798;-2202.35982578;-3233.60062249;2556.98962288;12096.2121309;-1672.22722787;-1092.77249871;-1702.42659905;2201.5349443;-3942.45927393;-6440.3746806;1.0
1713;19149.8397483;-11346.8894443;12511.6474961;1709.2238582;2149.97210157;5167.54645007;-703.507161514;-7129.66549014;2915.42554263;-1928.77051049;1735.99989649;-2137.7444659;0.0
1538;14859.6561786;-6329.89517375;8056.439444;6779.57013577;942.397398044;-211.960893026;-677.460780165;-4862.44644857;-1672.07609435;8291.8238002;-911.719151796;-1312.18732142;0.0
746;-7869.99083647;10109.3424974;-14049.2748706;6371.43115757;1079.83565478;-6551.30633764;-590.528986567;-3028.30929043;-1456.11722809;3123.63565753;3759.16296983;-606.08639375;1.0
899;-1646.49417263;19724.6043568;-24479.2301012;-7809.22257857;-5543.65959888;6823.30385642;3093.1354897;2140.62051919;-3773.81632181;-262.56375608;-3135.13235701;-9634.20643901;1.0
1520;9536.86033974;-5366.91656483;-6506.56786875;-1475.89669125;-3280.17445205;-7681.03394669;5653.22540891;5157.83680528;-4799.81165782;-1877.88834993;-3993.09274364;-2129.54062948;0.0
798;5176.76406713;-10877.6604107;6499.09572686;7512.22466885;2219.98156539;2065.4337347;-6205.13010843;-1755.81993029;-1138.37480801;6981.52565752;-336.285174043;1545.83622548;1.0
2026;28092.2107398;-22890.321621;-10655.887615;4714.03578098;3142.36113179;-4694.48622692;6923.7254158;3416.93504784;5744.04464574;-4335.23209849;2035.24147928;437.2428649;0.0
1595;23007.2626145;-14397.5272796;5945.22332985;2584.31266261;-399.053343161;-6378.88777184;-113.104469649;5057.50670966;-4857.05661053;5204.93178912;-1903.39916722;4917.83206158;0.0
771;-6519.21578303;10595.5596887;-15522.2919889;738.878808824;-359.711049746;-618.588720032;-7751.505618;-3554.17884632;902.076025544;1696.64280076;1960.53894481;74.2975157875;1.0
1531;25471.233866;-23607.9411875;712.250554702;8162.89223249;4100.14044264;-4758.12252046;-186.524067543;91.2036245493;-1598.78257948;-884.51704151;-2868.41407244;-2114.12253458;0.0
1662;-3901.52107219;-9128.41916575;5957.80232;14780.8583967;6383.83684593;-7384.64436631;-9599.26567355;-1857.21908216;2791.69929107;4401.8084051;-4608.78315163;2510.53748483;0.0
877;23538.5319591;11255.0537994;8897.40817396;904.639506697;-1565.81122872;13302.8554475;-4227.48715177;276.515932312;-5186.09504014;2285.60209014;-3695.41421337;1637.80476618;1.0
1611;-7400.2008764;-10401.4255666;11562.0770966;3047.85492736;6812.89355765;-7428.86556252;-1400.02192541;181.433998902;-2783.43189367;-1170.56781247;-2028.43520334;3122.08780131;0.0
1661;-50810.7953874;921.180747884;33942.3787806;-10186.099235;-12302.2495978;-733.430437233;3555.11811502;-2559.72116918;2993.90417124;-593.058021662;3157.22795717;1516.81463169;0.0
1974;13384.6825466;-4048.56074436;-21312.8882795;-1638.73160443;-1114.82511242;-12069.6173787;6596.5390895;9106.28510171;4092.6748156;-3146.36744266;-3277.38016417;73.1092557434;0.0
972;-4422.45996185;21153.7281082;-33836.3208515;-9854.34627816;-5466.18860372;2444.07035649;5302.81485752;3944.53366607;664.648573736;-362.196902568;6064.9767591;-5538.29423251;1.0
1722;-11965.2237882;-5596.82859338;9990.60344519;-1744.00837208;-4012.85087166;1379.19147597;1610.65868433;1507.33978915;-344.312874278;-2716.34413474;-3269.38508164;-4113.29503398;0.0
1924;-34186.3348866;-2067.87587355;14137.4834884;-5908.16268722;1049.40543208;280.910950017;3850.84238874;1701.21560719;4010.05293319;769.142918703;-1772.52404633;2744.26364832;0.0
1732;8999.00325544;-8550.52634649;3572.16366428;-2113.44521275;-2346.74808995;351.570810629;5631.0389585;468.853617826;2200.84835804;601.143135496;2369.85916272;-3646.71760503;0.0
726;-16068.9510951;6707.44322163;-16878.8387518;7665.47000897;1326.31751957;-13659.9816674;-839.085920554;-915.717537786;2231.56833342;504.483229555;-3406.29138763;-3046.70629903;0.0
1983;-13526.1299304;-6042.68408183;-4840.76738624;13096.7463108;5103.03645199;2912.07837385;-5068.57188921;504.139979505;404.065158892;-3871.71754615;1026.35235675;2336.14496838;0.0
987;46153.8611252;-18614.6343165;9.51436829764;340.204577535;773.743542472;-2233.79077893;1212.46570629;2455.02742614;4305.43715246;-665.878241865;525.364173556;1916.22183638;0.0
1005;32568.8801442;-18267.1097555;1077.61488758;5481.90579055;3873.95146263;4281.10849413;-5601.58787672;-10025.4724983;14909.6292642;-2464.95292826;-466.301241497;-2029.84162483;0.0
1698;-44378.6150273;-246.913864306;21630.6180121;-5209.12489949;-7113.19751749;-1555.83764108;3654.81249628;-291.244058124;1505.87497338;335.84273827;721.072789846;1769.89394601;0.0
1848;41979.5347331;-14242.83468;-110.874024089;-2216.61878775;725.462530644;6200.04452686;6666.42662394;4788.86920325;7560.85059673;3861.56698107;1630.63706289;614.638978022;0.0
1972;27960.755699;-22428.9696512;11451.6679347;2104.80929413;56.2655642974;7838.43967284;-2688.87947674;2474.87480742;1575.42251605;4224.5086985;984.504501224;6785.02018207;0.0
1554;-31791.7280969;-2762.75223327;25722.4683792;-1246.32866013;-6014.96374379;699.2104381;-230.964588364;51.8561286752;-3444.9551959;515.497691895;-2396.4760942;-3360.7620641;0.0
763;-35857.9575205;10335.2942981;8646.52550662;-69561.3322565;121026.355279;-4455.8285516;-8365.05519524;-3976.78307701;-1039.50792602;1336.6480993;-2336.63779494;-1821.11825505;1.0
29;14366.9999276;-27332.4136481;30770.0012956;-9281.36419863;-8075.41630282;6463.96302102;2626.61997175;-6241.53514363;5434.84599737;-10106.0283111;8899.11777943;-2404.87680043;0.0
1739;19761.3259443;-15546.2346844;3598.63222483;-4472.30585995;-2617.00320835;15209.8500591;5797.66381912;3687.46085424;1760.47943248;146.897745105;1810.59393097;-425.017865639;0.0
919;3031.74020233;10974.3033356;-24967.0223926;-6866.47286511;-4461.78951738;2559.54970013;6234.84794707;6602.63676761;4290.90513694;-3860.6549393;-10373.8500563;-2083.9696509;1.0
916;-21183.702608;-2861.47238939;-20519.4003698;8951.15241505;3920.38710486;5002.08237752;-5562.38982813;919.525447388;-3344.05260714;-8302.27090204;2749.838694;-1725.25644473;1.0
994;44688.3012127;-18277.2473239;25859.9466764;-6491.68209371;-1734.86827826;4391.47171398;515.611053158;4896.76284439;1147.43667537;-3408.78183425;5481.24130408;-183.537394926;0.0
816;32323.2980907;2282.10988278;3845.44143288;-2592.82511827;-873.676410838;11676.7393391;-6593.79550758;-4048.37989016;3994.46260201;-1321.03609759;-4538.83067302;1507.89938148;1.0
711;-25801.25389;2892.61914698;-16848.1961059;7329.57700042;1993.80384721;-12076.9642451;46.942616212;353.996095189;2561.80615409;278.660668767;-2352.75349425;-2906.99094317;0.0
2030;-17155.0917876;1334.52360092;-21785.2742271;4966.50373115;695.427509523;-8366.63560495;3775.6588568;7938.12120829;-5214.02497615;577.829760527;9297.87630762;1795.49112361;0.0
777;46170.4136302;-3457.85213739;-3078.73867641;-8087.00555485;-2443.06911207;6605.88050576;8942.90617506;3311.41468651;420.939177275;99.5930245887;5342.05621371;-1096.06624072;1.0
820;-7781.99991372;-2117.69615606;-9203.7975432;7033.43456682;5937.79004995;-8194.03696933;-5074.44245915;-1483.53387138;-2831.21333341;-2915.57082274;-543.951519256;-911.174523826;1.0
896;9276.96594467;5574.09073597;-15311.6603002;-9320.2058982;-5583.02227508;10620.0363953;1173.45901687;5354.62618081;2139.63816087;3888.98551191;-1822.41766074;5931.64008644;1.0
1562;-9354.40807872;3645.31413177;3455.7316163;-6588.64505987;285.459577911;-5110.40713612;7128.03949416;5985.41353047;-5250.67130365;5046.09041157;-4249.85235442;-1372.01603249;0.0
1714;-1691.34171005;13777.0099168;-9085.2067833;329.060382574;-2352.28774779;-7167.00746077;-19.9004412072;-2323.42796853;185.780284824;-1377.75237257;-3110.44365869;-6517.45057219;0.0
780;-19278.8142085;17313.9999767;-19907.3722667;2607.43037363;-1323.55035234;-9046.26177997;-3707.03253989;-1712.99613279;-5913.61422059;-2584.89660684;871.660398061;1603.55267251;1.0
1552;-46599.1050711;6090.27399684;18932.0306361;-6065.98833673;-7287.14588648;-4990.80710174;389.279532634;49.6897328393;-3012.07021935;-1468.91476759;2114.37505262;365.025343858;0.0
1535;11143.7138482;6689.62207271;-1957.37749595;-2292.19868386;-3572.60790997;-3682.88565447;-414.77091498;54.0584362931;-3611.09812808;4395.67312147;1322.97106849;-184.662625835;0.0
1118;13705.4894032;-15938.7336304;3999.63272282;7925.94564409;1540.22827511;-12076.8741663;-209.789004421;150.152615465;-6736.26789268;2737.55617144;260.998710909;3726.82703178;0.0
939;-51021.9944289;5572.50748148;17947.6582425;-6686.78906572;-9525.97233951;-285.046059237;1858.86779045;-1891.90205452;2261.6130163;-316.680652168;3476.11515704;2779.03132098;1.0
747;-8227.12236233;4146.22303647;-1959.48217852;8141.64348011;1718.61930203;-3534.10522219;-4566.3065718;-4555.56412147;4279.25546462;1658.97112176;-3600.08175006;-1238.01247333;1.0
1002;-39213.7967425;-1070.39627621;31077.0013611;-11672.8595766;-12064.6577247;-256.383898968;4255.25749082;-3507.88108527;7850.55498813;-3039.31068992;2260.06277383;1173.65882971;0.0
925;-927.894631055;16327.0824099;-5611.01008037;-3120.97847307;-3151.43271691;19725.6810295;-3288.12264858;2033.20940978;-2789.26945673;2508.57564666;-4259.13038288;3651.40542199;1.0
915;-7479.91429958;-5008.85470117;-10172.9209471;6939.64894979;1265.39786011;-9035.40578233;-3114.11689248;699.054617713;-1131.75351133;-215.086379519;3879.63828484;3637.46979339;1.0
701;27842.2104475;-22969.270905;-8648.58240612;-133.562862983;-142.288861245;-1948.33427593;12828.5365657;8030.67816754;3272.89147046;58.9763997349;-3144.18205146;-1457.78182383;0.0
1000;-8600.56234272;594.452053705;-1959.5009315;5688.01804589;65.6595765852;-11778.4507038;-1312.45689077;-2838.19217291;7055.16253642;-1609.43646735;-1644.01132104;816.588459515;0.0
1529;15284.4930456;-32852.0955278;12712.7690836;9082.92552648;2630.37391517;442.907988215;1120.67688703;944.603168667;-4496.14018319;-2992.24252063;-1826.68106463;330.158121624;0.0
775;-31208.6344149;14089.2848742;-21736.2564213;2584.76863053;2034.80640188;-4573.52365483;-3058.03537512;-1699.08050342;-2929.87928955;-1303.10487291;7422.77275941;-548.658740404;1.0
876;4785.74646472;34609.4648607;11771.4949037;-4155.44540726;-6579.37344364;3568.91673779;-6631.12351846;2148.67664255;-5791.73905839;4342.51624116;-6739.77872369;3563.2073006;1.0
787;6727.61063867;25559.1067898;-11466.798812;-10817.1211628;3923.77031174;-1946.18780942;-1005.57809842;-4234.17067087;-4077.17162169;8034.9519996;-599.119540063;-1328.40583904;1.0
893;-32438.8483172;6156.22305472;-24193.1535245;10523.2848605;3832.56683943;523.289381064;-6098.30551142;1432.48148102;-9985.08596797;-4840.80575117;10998.5948662;-334.240770559;1.0
802;8358.06136032;773.056165859;-7205.65448195;5131.92649527;1880.4905083;4115.78494792;-7499.78420762;-6695.41318799;1481.23934679;-4214.02929691;-481.321071455;4317.15806941;1.0
1532;-40355.1462084;4755.41556938;12573.3882127;-2682.78749336;-7243.30049617;-5926.88848512;2801.98120089;3202.40934741;-6451.98144573;-2765.62969261;-415.408931973;-1005.17695112;0.0
1927;-4372.4701498;-2160.74563419;-7509.6987873;1000.26783467;7336.13185349;8936.43764576;2486.6703295;2692.60728138;9111.70740336;-4535.67229088;-6044.58801965;-4608.00390892;0.0
1689;-6420.46995592;1957.83862669;-6882.50273713;3932.918801;-1042.17385706;-20723.0377405;-2853.11421639;1774.82841408;-3896.24857703;-3110.70000063;-7241.3433743;4122.84876089;0.0
1725;-18989.9431214;-8164.06164064;8128.59515812;3247.65839213;-666.62624279;4859.24760143;-411.081649629;3198.04081598;4220.02898049;3120.40138557;-1589.88232765;4917.54703277;0.0
1699;9845.30565864;-4479.86009171;-19614.151804;620.587914528;-191.892970412;-1882.50297728;4475.93523567;8589.90399955;-1808.99604797;-8842.8842553;-2956.3923638;-1374.03900472;0.0
755;-2969.78319131;-4076.99423027;-656.855010162;6524.73988872;1130.8800208;1789.5289681;-3412.35932794;-1712.25428056;3215.19695781;3672.50247034;-7156.22935719;-172.310932527;1.0
1596;5188.01265491;-23763.5134626;11613.9402419;9048.14136385;3528.89421581;-2890.87067251;1163.30803316;1775.8118712;-5864.99788946;-3702.29965596;17.6060729755;1019.57474274;0.0
760;-3559.81868744;33377.2024188;-24351.2261646;-17392.3393293;-3423.42831622;4473.74676006;2496.58322223;727.227093746;5929.01258874;4436.92886331;-2539.82811508;6312.85032515;1.0
1696;-39723.3530938;-268.459398528;16604.7730629;-4165.75277765;-5340.73663377;679.1333026;2292.96792831;41.8092415935;2952.26939924;-531.094680522;1402.26569208;1806.5460044;0.0
1543;12060.3367557;-16046.3517522;16368.0768937;-647.22958499;-1887.74125381;2157.00126045;2710.77143431;2125.0481756;-3550.31717279;1505.00059902;1648.67746194;-2160.83274997;0.0
1555;-11568.386681;2749.91910295;11845.3619403;-11578.5769616;-3885.8673421;-7876.90131432;8068.62650075;4639.55672039;-5231.90984724;4165.82826117;-2660.78137436;-450.887553179;0.0
806;-7414.06301351;3899.42784519;-1468.10011056;5561.6888818;221.233592471;1484.60254863;-1931.22376011;-400.702890687;-5853.87460176;7602.34810703;-887.615882339;577.653262642;1.0
1945;5739.13339887;-19169.2918734;-3634.6938643;11777.5171557;4946.28622265;-2676.85781571;2111.88411351;1883.9022732;3122.48903468;-891.481908204;-5964.12363895;1356.88217695;0.0
875;16136.7031454;-1516.07702735;12461.2048693;9999.64181285;2722.52093736;-3479.22649712;-14086.5419332;-11580.82857;-1999.6248433;4857.06780376;-2140.02115371;-2105.20975091;1.0
906;-9161.83338705;-17981.1732909;1585.60145958;12022.6872752;6173.09212914;964.528813749;-3907.49588451;473.19096476;-1904.65536157;-6335.94434136;-859.025016545;3752.34702118;1.0
1100;37074.0767162;19027.5658292;33420.8700379;-16039.5709604;-12045.3101435;-7562.32113875;-1351.64385085;-3741.65734897;-4979.01901202;-8107.64481416;-78.4053164229;-4507.65834747;0.0
762;-3788.0828107;19454.856621;-8042.65940381;2938.0659436;31.0077483865;12194.55698;-4320.36921674;-5586.73246676;4210.17534561;2724.56218618;1037.87542464;-351.739898235;1.0
720;-18132.7325069;4881.3499442;-19014.5422151;8062.38981595;2143.89666596;-8765.2498467;-543.38246556;265.80886188;809.972374025;187.228155679;931.017133711;-2509.03845087;0.0
1744;-28860.7456741;-626.466410378;10369.6249066;-3202.88426832;-2876.16786806;418.932789048;1990.33463197;-1108.68195038;8638.11292436;386.448896192;1096.71817365;2076.3053623;0.0
1943;-9964.10682574;-7135.83412907;-7142.99502954;7714.81355633;1648.32593175;-1590.57267174;-449.410115459;4737.0008348;-2998.522234;1194.78927328;140.525675687;1335.42193808;0.0
1975;15958.1178917;-5561.47566548;17864.8186889;12024.4147455;4432.38581225;13563.1881576;-11867.1420763;-1131.31697902;-549.848283423;-324.353231906;-2610.35955504;485.623789153;0.0
752;-22872.5201077;12346.8615799;-7316.97621346;-1200.9820012;5852.8206031;-159.627789844;-3743.21041641;-2618.29085015;-109.220996598;-1230.42537158;-2058.52846218;209.008861582;1.0
1557;-10833.3166978;-449.136861754;9123.62988173;-1531.24797972;-2594.55833673;330.973565276;-559.795454252;-589.873309091;-1611.24760281;918.252125876;186.553628345;-4108.50580956;0.0
1607;11646.882192;-1264.09642793;5892.07060389;10881.8248574;3953.39281573;6872.90181997;-11272.0669854;-9027.8970312;-1090.41874204;4344.21943765;-4325.69763064;-4842.25479287;0.0
809;15373.4029285;7812.03540091;-4227.20708245;1885.38631526;360.338328803;6198.27204115;3415.09983021;1918.08920354;-2923.26491467;1802.2453233;486.903497411;-3924.29586239;1.0
1117;-9513.73226177;-21844.8343708;10534.9860901;1551.47512998;8693.65706645;-103.719407103;2097.85652347;2839.25801957;-4140.60566982;-2008.78444665;211.980978887;2621.73028519;0.0
1754;-4813.26340991;-5316.37805343;-13040.0840153;7816.26508889;3428.08292033;-1753.28741514;2738.20061325;3701.45518579;4593.59144694;-950.222789039;951.18811923;-286.277603051;0.0
1138;-28915.5662844;-1908.79946391;24380.5408812;-3922.46165259;-8888.18762476;-5259.64975281;-1111.82258464;-3761.33988522;-869.473692716;-687.768241878;1406.2839749;-1637.02162079;0.0
2017;-74.7954563925;-16936.1392138;-2420.64854053;6684.53204625;1727.52795664;-1155.55531135;6604.62700589;8914.83281836;-5274.29703513;-3.04931992598;-4.89491360272;868.979536653;0.0
1711;884.155445575;-14726.0498919;8393.67787201;-210.866670698;2992.84949074;10391.6780391;149.546148893;-5655.75999421;2837.95809638;2069.73584264;1988.96643866;-2667.11481051;0.0
1971;34154.5620397;-11096.0253684;1795.31905424;-206.176163082;205.838505453;-603.037724704;1119.44397106;-3995.55734133;12736.9065454;4687.86562759;958.085737315;-656.283569999;0.0
1937;29241.0916894;-10720.534447;5631.30174808;-11683.1914881;7041.81098852;15315.854718;6618.45722613;8554.23880138;-96.9473714794;567.943746461;-1245.50120743;1601.89423774;0.0
1721;-21499.5861781;-10131.8484605;14500.7986954;3734.84275889;-1727.9605424;10206.0881183;3694.8435957;1416.95843489;2073.51023907;-2054.16706645;-4655.15679299;-2131.26784698;0.0
803;-10028.6917109;-9790.85036575;13278.7928606;-305.856050309;13898.1357208;-13.9873406244;-9147.47043329;-6543.3158158;5822.09455278;-163.494951482;-396.08234569;5655.82458343;1.0
1101;6437.80913987;-12859.0025919;10578.0000443;6908.50194684;850.801873387;-17.0002320997;-2907.59000084;-4762.26033;-3058.36235469;2936.03672131;335.869953481;-3961.91774284;0.0
856;49660.7977063;-7494.31784524;9153.86896999;2114.61435693;380.52269846;4140.63201067;-27.2074911617;-6104.28453175;-6987.45954751;996.283162197;5369.82080974;-1608.62135787;1.0
1778;-1297.97204535;-7117.51205082;-8034.65915117;6431.76068396;2452.67946374;-2851.73584843;2028.16005067;3681.57320091;634.654814456;-3008.74622094;126.699309905;1991.35526064;0.0
786;-29011.5878691;14448.3209448;-19627.6500411;1142.4695074;-1617.77567114;-4345.41249317;-646.042411233;-1576.68039949;595.638115357;1081.98668503;2828.64150223;-565.191903402;1.0
26;18986.6134792;-14417.5865095;9147.80227258;-7225.92133502;-4457.57471365;4496.79344241;2778.23657992;-3769.9864665;6894.79942431;-3950.318373;-1262.20157665;-3133.50230664;0.0
1694;-11292.0129005;-3797.87844636;4007.44079388;1681.94338631;-1400.32031366;4524.29816776;1667.77084947;296.441776654;-123.526741551;-141.42210107;-2453.86754294;-4458.91678374;0.0
1720;-16000.6376272;-1997.2156154;4186.30952648;-3262.73031953;-523.723664997;597.237030378;-1419.76729596;-1975.13728835;6259.04224392;-1328.59989901;2405.28883366;373.332734117;0.0
1655;-11787.0789792;-14560.7145743;18050.8662328;2166.63697884;4622.02608809;3461.70403677;3441.00957894;3856.88517415;1390.60718401;-163.901993221;-4270.75994551;-1261.12649803;0.0
1547;16588.6472157;12701.8564211;-7305.67281996;-25275.9861192;-8690.16824603;-11372.3791155;13460.3511946;10659.2664144;-2390.15715514;4389.16876238;-1587.5224221;-2091.28814659;0.0
724;-10723.6862236;4279.72306809;-21188.5107338;3727.79476954;1215.92028319;-6175.09106438;-256.017250657;1606.12920746;1255.73259568;-4297.46307489;-91.2597249836;-198.917632189;0.0
1939;2976.66314927;-2287.59368222;-10913.8563557;1077.04684671;-965.12812403;2982.69231959;2002.30386101;1590.26855833;-121.488101384;3121.11566911;2204.01788411;-1078.8072685;0.0
819;-14910.3789337;-2168.09403343;1961.24025513;4992.539475;-1115.82415936;-2672.25971369;-6025.01597055;-3471.44966535;-3734.99000085;-978.813805903;-1143.45511;1379.99396436;1.0
823;34620.0227062;15250.3811904;-564.818305203;-7132.37809587;-5638.34187661;6874.99542041;-555.468445489;2627.00728368;-5530.33666123;4804.65033947;-2768.09295664;3474.41920985;1.0
1843;-5532.87478571;-5617.15464084;-12330.3612608;9836.15163075;4495.42746882;-6404.88804265;-3511.32681495;-1724.16781339;5931.27948747;-347.870720059;2938.23582799;1382.26220551;0.0
955;-22596.0685264;2481.99225097;-4361.5347316;3685.09911585;-1082.82391215;3746.93444815;-3880.04292027;762.951888262;1719.74542943;-630.187521298;-282.275049938;4206.33518128;1.0
998;9073.83454762;-13481.3055399;-5700.78870507;1989.4717216;524.160471491;878.050358281;2007.58154899;4504.0369388;7476.30149121;-2772.46288864;-7304.70470672;3730.12870357;0.0
813;12225.9800357;8628.25918745;-16333.4471027;-5644.1469741;-4017.6047648;-1873.38773742;3426.89897877;3397.02930821;-1598.22343015;1319.61196246;5182.30169043;-2539.17975558;1.0
1802;511.006545694;-2144.01282765;-9799.06589318;3548.26686323;928.405626795;5499.98132928;-3795.70399813;312.763531128;8374.36868423;1574.40977556;-2563.36623727;1093.22964814;0.0
761;-11164.2681345;13195.9523858;-5399.74896064;-9717.83007468;-6566.13644396;-3490.28726846;4394.83200174;1095.09267834;1221.89883541;3697.38722354;-1190.4673963;-472.226570571;1.0
934;-16381.7179817;-654.357196329;-7466.93534103;4529.64539211;-355.347519629;4995.04242846;-3358.44149966;1373.69910106;-2962.50460287;1859.35324754;-3887.28696283;3448.80143992;1.0
2021;21463.8094946;-2880.18532999;-741.529129077;5414.51968526;2023.73685182;6601.91195965;2846.68898612;398.715068595;630.348616623;257.23779068;137.229087081;-1209.73235564;0.0
1540;-13636.4678302;3247.75020709;6546.74560538;-5898.28050494;-2687.09871602;-856.751025033;4512.41770214;3832.59125401;-2513.31368199;169.557705042;1345.1371379;1627.08723043;0.0
909;8194.17756394;7191.70511289;2466.66871808;-10610.6215733;-6722.7350588;6813.20668004;3298.62500706;95.2077317255;104.267255579;-1821.57524768;860.269325307;-1476.6365527;1.0
959;5124.61294236;-2863.5875761;390.407668054;5728.69282602;3676.92568589;13276.7091039;-7275.87498905;-5917.48753053;757.008341448;-17.5813283661;2706.94399699;-932.456934185;1.0
992;44112.4802248;-13066.8880136;5607.21537048;2065.84455194;274.602731987;-7355.97492835;2114.05431864;430.960218626;-1648.00499994;1245.14133344;1034.23060239;-703.721908504;0.0
825;64773.0761963;14381.3780853;-2844.82207543;-18496.5012176;-10780.01134;-4453.60462569;-4887.69771928;-6011.9894932;-517.800906333;2094.67941871;-5828.95333106;7142.12351369;1.0
1734;6598.69687924;-3649.73281681;-2569.12350321;5398.02851061;1322.284477;-209.463141602;-2679.81701297;-3234.03482336;-534.087482273;65.8761609871;2649.76636791;-3723.13128098;0.0
1928;-20068.2311933;1418.32540052;6281.80174267;-5466.7432467;-7454.59626185;683.996381154;5377.33770141;3058.55550515;-6.02265217241;-1304.66721178;-3997.528347;-3548.48062862;0.0
1558;-34431.3368659;4799.19031326;21134.1291801;-3433.56926558;-7744.30833821;-1128.14561539;333.175226336;-1564.67709323;-871.790852582;2028.15290268;1547.67938697;-2900.10470582;0.0
886;-21025.6508617;15752.1646292;-9036.65848309;-516.842103577;-2473.15531633;6236.61877972;-11012.7085491;-8051.49823826;6136.1268228;989.481967341;-4880.12619021;7688.14540191;1.0
1105;9107.01138744;-7647.53816467;12411.7903646;846.364742162;-1587.67921497;-1139.18157138;3442.60263915;1210.52024929;-3298.82349822;4769.87700471;725.519238745;594.108227676;0.0
826;87478.7178372;17914.5732111;-10333.5136854;-29547.0779708;-12756.5052945;-17356.2477308;14399.2591654;-544.781163432;-4506.39226997;3542.06050296;2281.42334998;279.724024371;1.0
1973;-1273.64334536;-33816.2510679;4030.10838221;6773.94172249;4112.64116112;8408.94948193;3391.44587359;3818.07451429;-1170.54353373;-8.29613946554;11572.9431882;4079.38007953;0.0
995;14410.9478003;-630.014951702;34915.8164226;-12635.9819775;-6299.47948211;-723.254041778;2083.0515716;50.3350376772;-1810.23396962;-4750.84207036;4276.6069405;-3160.88488141;0.0
1930;-33515.1563675;2853.81236997;21650.5405217;-8068.802139;-6654.77887366;-1024.46763626;3867.09295445;-1946.16382456;3233.22406505;-749.233913965;-281.795968663;1838.13277212;0.0
1765;16065.2545449;14484.5167651;-21270.0813738;-4615.0771858;-2495.57381566;-2872.00928421;7466.14920847;2194.39485598;9574.20758416;4583.2861577;4210.17913516;589.162256971;0.0
1114;24215.9595209;-22215.2042394;-761.640957803;9308.91040213;4384.15869716;-2448.58183961;-26.6378972056;2906.54762945;-3357.98526064;-1604.59142971;4285.65149719;1235.44026905;0.0
1931;2272.29679709;-10031.2288695;13076.8165036;950.940580406;505.956533147;4258.75509272;-2107.67474065;2036.62881481;-489.476048974;1070.75653081;-2494.35173174;2347.11922785;0.0
772;4977.01691514;-5274.60930899;-11377.443669;4576.8776964;2437.71296724;6453.93788366;-4573.57945629;-563.501228093;3161.70364567;-4679.50603813;3588.70599497;-3058.88250379;1.0
2027;-10995.886086;-13918.8366285;-6442.49299754;12042.1091582;5235.15420181;-786.158056268;690.836062056;2695.07758335;476.803849922;-5203.27349615;-5206.9527713;98.2931525031;0.0
725;-14292.5300202;-15480.1270751;-5093.24889877;8753.36238266;2673.34234583;4411.41271609;1901.38301715;3843.41972041;-3336.3665848;-7947.65502474;-5251.84377319;-2003.00860212;0.0
815;4795.59076599;-2590.19069747;-5459.11194085;4646.28328695;624.945418119;-5367.75817056;-10006.9422338;-3084.37610277;363.825149271;594.176959414;-757.77706009;-236.81219864;1.0
993;85839.755358;-8668.36689476;9966.62424898;-8979.06722789;-3003.9409929;-515.183941274;-5098.38257049;2401.611396;-338.180627115;-2383.1797905;6337.82579041;5269.87949258;0.0
1545;2413.27301184;-7230.58643745;16338.1984643;-12424.3352917;11320.3199896;2587.55957587;947.411681151;1406.93132272;-1986.21158462;2101.90166365;-72.494009437;-896.054019304;0.0
901;-9395.64971433;-3800.25742004;-10740.5759875;8553.58680144;2777.96406534;-752.688341045;-724.310301125;218.413001943;-674.788370879;-2336.08739139;-748.89662987;2139.66997122;1.0
32;31727.7986051;36425.5109445;42231.2033081;-15711.906857;-11880.434883;-11825.1790951;-32359.7736988;-9038.1624115;-5348.33877656;-9996.92503395;-8063.89911876;-1996.21041714;0.0
1659;37196.2152436;-24184.3581123;11019.0934906;5534.00900193;2605.08781006;-2714.532528;-182.475386878;-3555.13478409;-4329.41227775;4379.74280187;3775.12295925;-1774.69866642;0.0
785;1045.12433294;11577.65669;-10018.1845548;936.854533193;-347.890856039;1402.18082098;-14252.8327503;-9469.42567351;6630.67964328;4107.91813211;962.331837117;5450.31232576;1.0
796;-2556.17480217;-6772.90094884;-11228.3318059;-6232.6264963;21036.6518411;-7345.89526444;-4143.34182771;1324.70409455;4813.15690909;-1874.8020954;3512.59423612;7324.91050982;1.0
970;-44347.0881463;7000.71314623;19089.403918;-14726.4972314;3886.15431291;-2117.19556253;1074.26361882;-3164.9433424;5475.80323167;-669.485973402;5265.15036161;765.854398225;1.0
973;-22510.2021622;-3256.80289305;-13519.0652291;595.007578943;1411.67745362;-2493.61848369;2740.14218189;3406.86411833;-3151.18188985;-4771.1888308;2354.4577235;-812.685673455;1.0
767;-27184.0126783;11815.8310158;-1603.25695368;-153.783290247;-3850.45644082;-8014.70432792;-4710.28718973;-8213.5763178;4570.79912135;-1902.23912754;4159.33796969;-291.513091681;1.0
872;34607.6744942;2536.84011254;-9394.17999413;-4950.50486112;-2650.9078824;-11541.1953258;-4004.56060775;-2684.2874429;-488.331934656;879.433979548;1943.00513792;474.842239035;1.0
1115;14690.8365031;-22826.0844847;7363.52209419;10300.3657644;3122.54722808;-5528.27912694;-3537.64261628;-1154.17308369;-6979.80553124;3484.70592179;-4501.93001316;1986.90093602;0.0
1978;-3910.14781867;-4862.22799072;-12451.7536063;5552.89884997;2185.97825242;3271.58964109;-1838.8176011;1761.81085219;6875.61740583;1536.0848088;3041.18205648;245.784138096;0.0
1703;50636.9057313;7275.79964085;-8990.54045291;-14608.2087444;-3994.42691151;-20732.6391774;-967.336351709;-4192.45550468;-301.264938789;-948.908823595;2357.61409358;-5546.63609608;0.0
793;-19532.1831062;444.26004852;-10667.2247677;4015.41352227;7592.94733168;-9262.64406002;-3035.48371259;-180.761475117;-12301.1292279;-5310.2394463;7530.66425465;709.203644459;1.0
808;1296.32004722;15081.0925187;-6442.16247783;-263.175936415;-1127.89201997;11295.3070726;-11893.2929112;-7690.11702044;-3811.8061136;1231.28434307;3489.58331753;-3934.71536648;1.0
1747;7589.91714535;7643.26013214;-8473.49550762;-501.962447828;-1058.31882116;3820.66332236;2335.65390456;3652.32097857;2649.25984166;2561.0603211;-2865.89682033;1187.6267903;0.0
1724;-36019.362357;1351.48556567;15163.088607;-1939.29202294;-6277.14187344;1142.23846642;6655.74637226;1219.21144165;4460.3128433;-1572.19229757;-887.012108171;-2688.55334142;0.0
1559;-8242.27080298;59.6056851005;11418.5390934;-2386.46830321;-223.166521377;-3538.3910155;-336.832189647;-609.876271097;-2552.73792502;1726.29408749;1654.4921527;-2164.99102413;0.0
20;-24343.9707116;-7561.01936272;24839.2662626;-5464.01008909;-6928.39130838;-2955.31680015;2566.22416261;192.437617332;-3053.76795417;-3289.09894626;2914.3032392;-1401.96222245;0.0
768;-55943.0318464;5917.15803;23233.9386121;-10077.1655755;-8491.51383693;-654.463505327;2671.02160453;-1295.40629419;-1242.74895969;954.272291517;3664.03141698;3555.09056242;1.0
1936;11091.5097288;-16856.7596955;-825.625309825;3619.58199244;1032.19832253;3265.81766958;2812.97813687;6378.97768852;2950.55912078;2046.89728435;2122.39841999;3351.22955362;0.0
1731;-3226.84512105;-12487.6828036;14217.7923461;-2118.31480745;1463.36794085;4473.44606332;3528.74625656;-5393.44473769;-114.391038261;3856.01895236;-1076.92613491;-4483.06372433;0.0
1108;13911.7015758;-19161.9602176;7438.2570749;-1445.6959906;-2736.16646893;-3157.56301459;5865.97272781;7683.62490987;-3996.65478687;6931.09761696;-3463.63006865;4831.25662486;0.0
1735;-36762.2195773;4331.45164638;8272.7566385;-4456.31934383;-6889.05698861;-5056.38461089;3367.84728245;-623.819373283;234.031866718;-2363.66267269;2127.37239064;-270.982862138;0.0
22;9244.46152632;-10250.9513464;-11676.7111529;1391.22437327;-909.443216203;-7134.63554773;1449.70848563;3655.36569763;-2767.26723856;-4883.53162408;-6763.88698933;-1225.10774701;0.0
1690;-13549.3894456;3344.9458022;-5714.43202977;2827.76673486;-2181.42681775;-19141.2178598;-1442.32632362;3472.95123259;-9816.29246822;-2263.89176275;-4141.1085587;3622.20915172;0.0
1004;17620.1627462;-6062.95659691;10884.0712892;-7542.30378835;-4250.73797964;-4671.79814926;5056.12305781;-2074.51273369;6258.47427233;1169.73457685;1156.57679651;-1718.5802451;0.0
963;1611.09839259;-2038.3102003;-10306.5604611;511.293327638;-1083.78840858;5726.78343959;1861.24207436;1239.14345692;-2751.53977664;4241.09263395;2024.05035635;-3756.21939199;1.0
956;-26523.8542837;12295.7915731;-8827.52128839;-6080.33561617;-6533.44245313;-6260.28603755;4094.75630391;1497.73868536;2787.41702678;-1334.5514158;1842.08412476;931.358079394;1.0
712;-24906.3689824;-2777.86860897;7218.27173739;3558.06166131;-767.780470048;-6021.02505643;-1666.00012272;-3898.02767668;2325.41977838;-1960.28741962;1412.46253479;721.071993565;0.0
1512;-2813.36401956;-15437.3794151;21187.3635419;5478.78316008;-126.992473677;-532.163830199;-4704.71064073;-3231.70499498;-4815.26307915;2035.36873969;-6735.85477517;796.087604384;0.0
990;33547.9644671;-165.943651866;-998.933692099;6139.97573502;2899.83819641;-15195.9240549;-10687.0859366;-11760.0242614;8111.87501991;5112.13715708;703.585067964;-1739.53685197;0.0
756;-4388.78065151;5094.43824;-3178.43591063;7425.89833274;3136.46281009;12618.1941596;-16488.1476693;-8809.00097371;1815.20928636;984.965790141;461.218382913;2575.47634302;1.0
1749;3457.83599166;-20454.1672448;2961.80578588;10845.7318026;4324.29924485;5714.48712551;8223.23982519;5268.4594971;-667.369934003;4047.04073031;-1460.4317408;1577.98180269;0.0
700;1602.91158307;-841.549628995;-9097.79458027;3207.93630185;205.212183628;541.617219341;2532.24097266;486.643105972;1763.00049693;2690.79369705;-1385.01576954;964.867272713;0.0
1514;-4866.64984877;-6101.04869523;-10982.5081532;6200.58398146;1425.85034221;-5006.85703895;-3640.53020568;-35.9691122572;-4308.14041507;-3401.68141915;-3984.55132039;64.0125103607;0.0
885;-4038.80658152;13857.8984028;-5340.67963721;-1005.23289984;-919.491074386;23806.0031087;-8798.1957122;-3948.56761174;-8170.75594132;-7125.46661137;6941.1006655;4432.24449088;1.0
1524;-6203.36292205;1207.25149044;-12934.9357534;2062.37666941;-929.281241667;-660.265331403;5346.03686676;6064.03210552;-6246.23713877;797.862166155;452.554107639;-1755.2841232;0.0
2022;16781.111288;-18015.568092;-2956.53632558;10080.4617207;5140.39702978;-5142.5248016;2075.5384645;-4971.83063015;4192.85489374;2847.80582327;5654.81340781;941.323152786;0.0
811;-12372.0220981;13255.7718825;-15069.1784715;1019.70715882;-280.695408709;9687.43567373;-12041.2926545;-7871.79009885;-1210.96599682;-5256.12333692;3179.69266556;2169.35122487;1.0
810;-11536.7917368;3519.49644773;1149.7721613;775.24707972;-2264.64057395;659.002872236;-1010.65101664;-3449.83244086;10481.1935069;-931.895708291;-1696.61046363;2945.45012716;1.0
958;3641.50584365;-3236.47279837;-5917.88320672;3651.38867069;1528.68003696;6207.31323378;3594.07831204;1919.70994157;79.8212576575;-354.584724004;-2381.78112178;-1314.5717674;1.0
807;-3704.77134918;866.548321479;-4054.87166999;3056.50063264;560.085293029;6705.66459934;-1904.63218721;-426.3192518;-342.756068896;-267.588583192;2731.21310347;-3572.8475287;1.0
770;2907.33491273;14076.9840928;-3418.60813619;4504.35515601;-282.736271851;-1686.03036461;-2802.09220692;-6196.3935959;-6317.13705613;5866.03147705;-117.727312482;-4419.20330701;1.0
822;13490.3401959;8493.57568703;-70.4216750678;-1557.78351702;-1619.62578789;16384.966881;1265.89533179;714.659637064;-1242.22452168;-941.788002456;-2095.779346;1659.94356592;1.0
1723;-31257.8485285;1104.05412795;22765.9789404;-7077.02389361;-7648.73798813;133.408376498;2219.35829369;-2990.34353912;3022.94857143;2463.27122223;835.459089597;-2580.10283879;0.0
910;-7113.77981232;2352.52540759;-10562.8367128;1415.84483929;3550.13724169;14716.5892998;-7949.45307192;-1284.33149217;3499.91741291;-2756.34173141;-3369.36198786;3125.5247192;1.0
1663;-54425.9321604;-549.924514652;19998.4654967;-3229.31557866;-8017.75843596;-5379.57312304;5112.35170686;1172.18666857;-3792.16599252;4758.63013595;1041.91586738;4720.17900283;0.0
1534;9246.0783945;-12449.2372202;14738.3660552;76.3045738461;-1410.76616502;3224.39305725;2832.8057655;2125.02215922;-2284.08639977;5277.90676644;2267.40196356;-160.05140552;0.0
699;14003.5736471;139.025118136;-23115.3372962;-6816.95227626;-3689.77346366;-3850.68052696;11448.4342192;6821.97588082;9604.27117196;374.491058322;-5770.23738485;-4552.52860524;0.0
1987;26190.8144474;-20463.6491856;971.6709949;5100.35883692;2936.90801031;13420.084535;8030.04648107;2222.81311528;-1661.99770882;-5323.78516109;1671.55357663;-2219.87097965;0.0
790;-22651.7509931;2432.02188379;-11351.6406152;10065.2711075;5218.09035034;-2600.2380662;-1653.37930285;-873.961051285;7554.10747971;1092.07490337;2674.5678718;3746.34280764;1.0
788;6577.18924858;3421.6564093;-9785.24112834;4769.68184017;1295.57396836;-441.679722815;-8292.18195897;-6358.96651539;655.052645062;-1042.00454464;1962.33305381;1113.65070615;1.0
2024;-7214.71641027;11992.3795965;-3772.40638776;5130.88258583;29.842337593;9728.26714393;29.6606992845;-2420.45660352;-1913.09298284;5142.68808835;-2387.18895716;-1879.51218176;0.0
835;22218.2795516;2405.09352182;6017.71375094;6670.71693729;1692.34220417;-4231.01570718;-10512.588343;-7806.31828713;1489.24501731;6139.98653075;2885.86848911;-251.036542722;1.0
1522;4873.01523023;-13474.9627053;1544.14326229;10583.472386;2597.48268829;-11294.1313531;-4733.03580242;-3034.41396339;-6258.85891652;1051.74317102;-4228.55933409;748.240437523;0.0
962;-3540.7466485;79.5342396606;-8948.48311532;2342.30293848;327.020787421;15932.3940727;-1973.23154878;64.2706979582;637.187203816;-2778.06933632;-4739.72528462;-2119.17323119;1.0
707;30599.7562158;-5983.04144431;-610.264675884;-6950.56008861;-4697.52122442;6145.5841653;15597.9238805;12943.8864278;-5253.99520795;5139.17903469;2851.18221227;-737.832451294;0.0
1687;-7697.26207809;-12462.7035069;2579.05104352;2330.65211406;750.103989184;-6594.5581606;214.605318605;4234.10096537;-7054.7012581;-1718.77457622;-1737.14725402;2667.41226999;0.0
1730;-40384.3504448;-3198.52495768;33079.3798076;-8227.15086593;-9551.56358704;227.868601991;4211.99956611;394.404103643;595.607462554;-327.228671141;1397.1776891;344.530727647;0.0
881;10482.0396965;17222.6402386;-15598.2748127;-8884.21932009;-6718.58381083;-6919.02400212;-2279.04253155;-1633.02554047;-3801.63581363;4604.70124468;-2752.06089754;1178.42280916;1.0
1728;9213.57654598;-8554.95776198;7156.54008616;5213.05010201;1041.12699769;-1202.3592582;-2421.69842381;-4867.39111328;24.3713062857;1184.63755984;3686.6106252;-2300.30165662;0.0
728;16849.1342328;-6070.80909125;-14081.6072237;887.365514453;323.81918038;-838.595864477;3249.77374318;-496.785462493;6456.89067404;-1154.20159621;3287.53265866;-3538.5550796;0.0
766;3587.45416939;19211.7517627;-12971.0988553;3663.97977851;246.707692609;-7641.25336613;-11985.3424994;-17174.4637928;6817.50114583;949.879045097;5494.16086083;-4965.82057221;1.0
1561;-3449.63999292;-17252.6943262;-12015.1991395;5781.53961918;1247.08665671;-6103.11034375;4083.71818278;5845.46330649;-7461.87706707;-2376.3606303;1408.734356;1879.95710098;0.0
718;-25995.7228835;-9501.36314452;5463.75673138;1038.2772216;2599.33031453;2513.63899363;692.828381711;920.023137201;-732.577716714;-7135.29818086;-1386.87451431;-1862.05291128;0.0
1513;-1388.56277432;-11030.5517535;1173.32931345;3947.02354133;-1002.27589338;-7599.84939734;2711.04852897;2075.61944663;-3139.88875788;-412.942372857;-5081.92106168;2010.87008636;0.0
889;-24914.8158687;4406.18332077;-11741.7282856;6230.34109827;852.772546004;6422.99889798;-2400.23971759;823.423833049;-684.411311607;3782.52169871;-846.5473901;1239.89190251;1.0
1528;41718.5326871;-9887.05568525;6033.99610028;-11553.5911021;-8104.76720382;-9032.77347856;1978.7187065;182.314627391;-2382.80264148;4485.74137867;1115.14052523;103.780004318;0.0
923;915.12111116;-20749.8771773;-4696.69550478;6697.94337439;2221.73068281;5689.1889802;3083.06927582;5525.24566596;-1758.73877142;-1799.19831937;-4025.01340883;1460.09046646;1.0
928;-33442.7616603;12941.6055875;4562.79872693;-11361.4876102;-10614.1331166;6383.81332155;3189.29769762;388.314822189;2481.46237646;-1946.22209134;2229.61998433;508.961122025;1.0
1748;-13514.874403;-6975.31337291;13370.3425921;4115.12357289;-1530.9594255;2067.67368884;3131.04053837;1540.15459013;-461.082132763;3781.70076016;-3449.04469827;1344.8609496;0.0
865;-1743.60265341;-7960.96900979;-9914.74464986;11983.4168532;4997.94050199;-7222.07135262;-3575.32673116;-1443.09860835;2015.42428838;-7717.5662725;-1694.24851733;3203.98448173;1.0
805;-25151.1861871;21636.0049013;-27315.090047;-2508.30837527;-3330.19540972;-11406.1154944;-2497.52136389;-4291.13191984;10332.5241826;7558.4678761;9386.07853245;5588.00717273;1.0
1832;-2984.70048147;157.082523227;-23011.4601265;5528.24145108;2544.48307338;-3257.23111542;1538.40778261;4895.69012272;7210.27260386;-4251.26560928;-515.039086551;-1944.1408666;0.0
1109;-10446.5703657;-2790.1950453;-7650.197002;3239.69473644;1653.52789276;-3600.71703496;-993.038177152;116.737637398;-3876.44198867;2905.70357323;-4671.18436918;546.093766119;0.0
794;-21495.4705478;19270.9072032;-18625.0027132;-3772.35307256;-4923.58026609;-4281.84560117;1006.04478602;356.797258738;-1754.66351002;1356.81629837;7986.46852925;236.431080559;1.0
942;-24533.472979;25496.837993;6223.75945718;-8986.89024439;-9422.46097692;14125.5476774;2455.72216036;-141.07746373;-5168.80722871;-5210.5223571;-1503.31083828;-2751.89009904;1.0
866;-26312.3159986;-4434.15212696;9672.97814997;34.2464451941;-3572.31228135;1282.7512047;-290.218778897;-2719.28397552;-3083.16577561;-39.0454866789;4399.83697997;3311.49038157;1.0
754;7547.35765913;3363.21864797;-9453.47489583;1740.43800779;-433.842776594;2473.19369997;1786.7854896;-880.500814208;2129.05820956;-844.205941314;-1042.75760373;-2694.91086484;1.0
930;-7373.72922855;21524.4291429;-22530.496241;-16325.087262;-2080.65749514;14561.9896134;2694.51938096;3290.84037137;-4738.05468969;-2532.53041662;-1027.94162942;3303.33152202;1.0
1553;-7944.59064298;3075.67719571;8507.39372907;-8414.65186742;15728.5876332;-5042.11394332;4541.20392754;3274.19092913;-4085.06590243;5580.25220764;-388.850295895;323.927355055;0.0
918;-7427.32849332;173.259824822;-9440.33840829;4950.68638885;401.023918924;556.654998799;1474.09490445;826.089014884;-3607.69944058;-653.61812062;-1227.47497737;-3525.70569498;1.0
1740;-16418.9344127;2493.54927264;-17132.3095748;7738.98362654;2016.54940224;-7841.20218838;4391.0523671;5127.69567012;1203.77071764;-2224.27510207;-1141.96513893;-376.048117058;0.0
1935;-14355.1723854;-2862.59509025;-10392.9549828;1948.42621935;-107.919702746;2265.64090323;1578.79555374;3357.93238928;8469.54897104;-2118.3866714;-3754.01189226;5071.13973843;0.0
921;17245.3052251;-24329.7689388;16641.5091137;12435.0325486;5382.36253692;12145.083728;1786.38215534;-2943.03674877;578.532749626;2886.52816488;2131.4942064;-1283.95999795;1.0
818;-20669.2210926;-11702.5721886;736.871737774;10883.8821374;3096.93145292;9861.26986935;1535.20171216;-3054.43120161;-3204.17065983;19279.1650498;-2264.54226107;-9153.4120034;1.0
1733;-34162.0624002;-6067.62314306;26685.8282899;-3720.42569128;-5101.12031726;1608.16607419;1652.75073786;-496.005728753;1206.90757974;-1311.99064473;2981.41970837;-1401.12876202;0.0
935;-8238.33184433;-5968.6895001;-11779.7489623;6797.36522685;2044.14578815;6933.94966266;403.711348441;2245.07300944;-2301.60085845;-979.566475159;-420.529124747;-2910.96705648;1.0
1103;-30338.3844839;5547.43532665;7551.68661825;-5046.21433941;-5744.54523442;-6366.46245615;4144.27287814;3157.48600469;-5104.38538696;725.976161013;-1818.57936757;-1360.20014646;0.0
1817;22094.8590605;2180.86111143;-17784.2618209;-5548.92427896;-2609.58964581;-928.281270559;6023.82912126;3156.39184379;16568.2294642;2028.61693818;-3258.99136195;-369.800135244;0.0
800;29651.3445188;-15282.2436589;12710.0569939;7488.62718389;1785.38323194;-7941.86371156;-2943.65206763;-6984.96711064;-3520.19969704;4493.26443909;819.626412651;-1481.33123338;1.0
967;-4654.8514817;-8964.10437958;-14695.2550958;9883.87833206;4257.50154123;-3633.29642091;1317.08644624;3558.76574987;-339.924273524;-4974.4566373;3400.4036412;-220.338682589;1.0
968;-12705.3305199;6368.2369049;-18237.3295968;2106.76143417;-1240.92662681;-3870.41121349;1008.80489279;5369.75887992;951.048942634;558.034022622;-8414.2401035;4586.42905657;1.0
983;-2756.40142112;2553.41080905;19047.5781531;-5919.87341582;-5529.26044306;-1976.42483757;3671.97597462;-5824.01603418;8580.67765908;-1820.13976689;1528.24581517;-3077.97031973;0.0
894;6350.0599174;2619.4567066;-4802.14871316;-1370.95874759;3909.63822579;17709.4377216;235.495143527;148.034855385;-2115.76414615;1652.23825879;-2732.22966009;-7237.64267982;1.0
883;9679.13701244;-8731.6527706;1346.26477921;-2998.40239489;-2076.13766985;14484.723544;5225.62934989;-337.25668595;6239.21856222;-3878.88595373;1061.35458211;-847.738932927;1.0
1801;51542.6757873;23101.5836534;-14442.1340632;-21401.3723979;-4042.38601541;-6799.47661456;12710.7059888;8034.3187588;-948.233336402;5670.02827995;4436.30064372;-1606.46725812;0.0
1001;-17721.7411847;-4085.68569363;13539.2542193;-4572.90908265;-4085.15926608;-1857.92474935;1412.53071465;-5923.42656007;11943.1575765;-578.948227738;563.171506893;-832.422966295;0.0
1518;39632.6050214;32002.8095728;24119.7644059;-26272.0876158;-15873.4155481;-10058.2050838;-9177.59406205;-2160.23711081;-1856.42035163;-10997.3280472;-7481.38607036;-392.599418752;0.0
832;65437.3201761;-6077.5827574;23.8101268852;-12839.9051107;-3722.0711067;3666.75236529;4012.37445337;-153.065398736;6472.9850948;-4219.84125025;1411.76518873;10029.1685003;1.0
797;-18678.401783;23753.8179021;-23122.122876;-4687.55139838;-5048.06613181;-1749.64305101;3716.35638648;2250.1355912;-7190.1303181;5423.84829873;2667.3090937;1006.58892729;1.0
31;-14937.8398705;1046.24623122;12287.6604082;-14941.9025298;-12883.8439624;-8115.02500628;10426.4785789;3735.85370619;3814.34964818;-524.564321695;-813.066675607;1278.09979594;0.0
1610;4571.62183009;-13115.4659459;-3289.70214896;5500.49457912;5814.30479666;-5309.64093803;-1696.22167681;587.288826394;-4192.50743103;-7947.87599287;1515.72541347;-3655.49366197;0.0
903;-5096.64273098;-6682.30550941;-12724.9387903;4123.03823471;720.931680432;-2752.15642566;1688.97946499;2688.06917748;-1321.83987677;-4789.36318438;3193.59702596;5583.98763333;1.0
1925;-25329.5776221;913.403499725;10477.7986667;-3837.59307893;-4176.40433538;-6686.74018796;48.1236836216;-1462.65027752;3401.84929304;-94.6776947413;-1592.0787935;1237.83143293;0.0
871;6617.4184032;5986.88261863;6731.0216572;695.680443655;-1382.72395581;15871.4929968;158.427611957;-2873.59988361;-3909.5038431;-427.914319166;-2260.56567722;-162.355421909;1.0
827;15706.4954812;15118.611176;-15407.0803662;-4844.18453843;-1743.65254284;-8021.39885731;-6217.88666471;-5750.09028801;970.193616312;2544.8126345;-2662.87803961;2147.38261681;1.0
975;-47587.4179424;-4199.35643163;20250.7307799;-5708.26370885;-6398.07588487;-1015.57778369;4817.02149239;366.715217523;-975.256473571;1988.29490919;1221.9083151;3066.13474899;1.0
873;69166.195315;2173.45528836;18759.5438544;6697.78961836;1833.38405064;-15212.7987771;-18815.1126068;-21530.6199728;-6296.38380231;2040.31698782;5373.71743059;-7333.81507118;1.0
892;466.915154286;18689.8786761;-14638.491021;1155.01113473;139.018032879;9560.26121532;-379.198995971;-4163.89847135;515.522105287;2524.47693887;6617.04972929;-3838.50679111;1.0
898;2933.7665624;23126.3999236;-13117.676822;-8109.88336642;-5204.01173899;25330.5770281;-3112.13897877;-5520.01631798;-16226.3129238;-6350.60503778;3799.36299589;5492.79330464;1.0
1700;-10617.2683226;7884.21094391;-15679.7759906;1398.28363041;-1524.29008259;-5809.57822691;1243.95074395;4330.46940405;-3615.02186556;-4235.20677111;4997.71999896;-515.196675864;0.0
867;25522.2251277;-8602.77279783;1066.58801327;3734.97503351;499.017747711;-5588.51061794;-16.5862267473;-1736.90744888;-3138.21796655;2064.35900376;693.36445289;348.530967756;1.0
2019;-12793.9521928;-17468.0618393;5615.11329393;7114.14349892;2100.96140495;4235.02437675;3278.44326165;1988.40907992;3705.27657382;-811.161916574;3592.69159261;449.388622823;0.0
799;-19349.3654029;16526.5971598;-18858.5021131;-2456.97268379;-4176.41129794;-6401.66999474;761.663818224;1997.26533574;-650.144094412;10285.9836089;3247.31075829;4996.34757483;1.0
1759;-17127.0614346;4527.11182324;-3854.91193077;-3818.12448636;-4426.80520048;-4856.78506104;6662.59567666;2617.40729955;8156.17651753;2115.93394898;-3842.90710125;-1456.41508805;0.0
1702;-12814.3997079;-4927.56797332;9436.81614509;-2629.90385109;-3654.50115091;1480.38931019;1611.82307587;-1027.37812718;2592.19404167;-1601.97643482;2467.00315403;-1068.31010477;0.0
1003;1537.08324153;414.548264012;11124.2759229;-10713.1885437;-7699.00894265;2794.70384591;3703.75320487;-152.210782878;10220.5883539;-8098.38293577;-5474.19416247;-6562.98171571;0.0
1116;-2177.52681569;-28344.2436558;-31.0484541936;15126.9212633;6368.48331217;-1412.47742266;-2394.25758617;-1112.66734443;-5018.85403189;-2341.28808358;1735.09926845;1762.23374851;0.0
882;33756.3347433;8711.22812982;-9838.8234769;-8026.03183549;-1991.54643651;10484.9285044;9602.05510289;2312.46835217;-2638.19609758;-62.7862971909;2846.55018055;-1810.73814615;1.0
862;30011.8529499;-10744.1339705;2983.82635291;-971.393087873;-1406.17007838;2067.35736186;1971.47543212;-3662.68719646;-4460.51493838;3614.23972103;692.19680582;1225.1348753;1.0
1710;19255.6159945;4787.57749609;4366.9421877;-12100.925291;24686.7028498;16184.9196152;12814.5847994;6489.66504476;-3219.63534126;-381.046706048;2474.34860003;-3331.06263616;0.0
721;-2715.64394729;-6915.88628735;6033.23198519;11252.413642;2471.07377766;-7029.84208173;-5096.43265038;-3420.88062725;-526.245596699;2374.05685367;-2786.77222785;-1896.69306807;0.0
1782;-3661.35755698;-8662.09726279;-2420.95752223;6979.91545538;2158.87136021;-6865.06271649;-2750.47150431;2797.27234543;-52.5093753147;-1241.92662107;59.2423931008;3037.50064499;0.0
908;16389.4605527;-16031.660466;-6972.72476151;4374.23579579;1841.57632327;5232.94413521;-3003.70857305;265.663140949;53.0887666987;-7408.85114559;-1789.43122708;-1786.87155315;1.0
1106;-12532.4180813;-8836.63623197;8387.44299992;5640.92640301;-1357.77717466;-4214.2056805;1713.91391115;2814.49613396;-6368.448867;3557.63933003;-3279.54644117;765.028456386;0.0
783;-18343.9578244;20425.1826388;-13531.2605266;-4145.62739557;-5235.3389995;-2226.15392018;605.077985431;-3034.64942756;4580.83727923;2024.64889426;1295.31179188;1414.48446723;1.0
719;-2198.14891413;270.517805253;-10029.8521954;6565.02858796;1943.78807969;-5192.09162879;451.293327304;389.847146013;4662.08847081;2311.05656412;1238.47715734;1692.37325282;0.0
16;44190.1517906;84941.2654653;64970.4018176;28780.3970837;8548.38542434;-3732.77215649;-59108.6625496;71093.8274423;12490.8465345;2737.88948483;8366.28467532;-4807.40168561;0.0
1793;-31913.1053961;4609.24483645;9452.20240314;-1825.03327541;-5700.30563777;1774.6092191;990.152440552;489.191826388;150.602676832;2128.42489703;-4341.27353562;-413.541141411;0.0
758;1102.671032;5025.49996006;-1451.24178958;1039.81346691;-1409.6726976;4837.03924306;-1620.70298776;-4020.73632199;5647.43465626;1500.79175721;-2496.57452407;-1594.09671915;1.0
765;-2847.77734649;25768.0042207;-11434.4485596;-6012.99498802;5071.04829996;604.990397787;251.69997968;-5384.42427665;-569.340172101;8246.42789516;274.808875213;-334.238484082;1.0
984;-21119.5581793;10818.6655996;16324.1115647;-3445.89328788;-6809.96092545;-5061.9103415;-1430.73954043;-7255.77279803;2228.47403375;-482.229001637;2684.31107873;-3489.19369604;0.0
988;61355.2093243;-25669.3764657;675.939773936;-1319.02635154;846.686746629;-217.329515301;3415.60101113;2412.67252681;5067.60473184;-1377.13861103;3995.52159477;497.332552791;0.0
1550;-6287.90840976;-13125.5080242;22051.4985189;-662.944930497;-2088.14106667;1341.2377463;5731.28238432;2477.02316346;-3709.84828816;4551.97008635;-2966.61128458;-1360.71731496;0.0
713;-9993.80063109;-5545.2557421;1285.15427091;12183.939013;3451.8856788;-9879.57888777;-7071.60935567;-4641.67601759;337.835251691;1505.01830792;-3321.47972422;-2483.79097029;0.0
879;13159.4522118;-3646.41296353;-2491.23345313;3335.84414017;-75.1642727176;-2984.60308906;-7023.36744923;-1726.2765721;-188.824807028;574.150262117;-4963.19798167;2545.12045365;1.0
884;-13539.8250469;26400.8944129;-9215.13360443;-7791.54211348;-5024.95578324;26509.6721036;-5906.42271697;-2592.28448894;-6955.09194774;-370.160125035;-4505.04540417;11594.8631229;1.0
1704;1154.98362273;-15291.184308;-6366.46886009;4646.12998926;1841.59747442;6489.51361944;8201.99800464;7269.11511402;2463.30798581;2569.76675186;-2810.92140679;-888.826061925;0.0
902;-2072.53850662;5625.9131886;-7385.92926126;-1546.61416484;-1942.09803093;9893.9852622;-604.369110211;-1047.81521624;-1013.51415348;-867.3940767;-33.3398412051;1841.19762116;1.0
2023;15388.9747264;-11147.4221864;-5940.22367025;3187.45521967;614.406956562;-3575.10442955;3704.33075257;690.173289443;3662.39156652;3835.51189157;3283.58667075;1771.17158974;0.0
1665;-16912.8289099;4941.43511074;-8840.25890909;5657.86676142;-831.549054519;-19200.4097014;-2662.73151324;2678.98464347;-9317.34082258;-2307.57001247;-4224.18137026;3520.81361725;0.0
971;-15627.8873504;-2942.49996806;18812.8159044;-43373.4014236;44444.8823181;-8067.19480709;5956.29276059;3364.90229924;1172.21957332;-3482.5500155;2066.93226655;2790.69982432;1.0
812;30252.3287894;-3518.37181614;-5631.79564524;-640.954741009;-443.389863274;-6724.93540463;1141.66675269;-1852.02229489;-1771.55141895;2254.67920143;4913.61724206;-548.50636204;1.0
940;15027.421761;25390.4186217;-25710.6945694;-5638.11337501;-3230.32061834;6107.86382784;4832.77532008;1632.10485208;-844.079941349;-2946.49787255;-464.704527703;-9192.34825425;1.0
1942;15658.239881;-982.750361;15.6774349634;-871.676382768;-2163.68592802;3167.99012374;3356.74806627;1670.02123465;-2832.23406695;6259.75862791;226.274879079;1080.94029458;0.0
1745;4173.14436118;18169.3554005;-1087.64806542;-1295.96636884;-3231.59840828;11316.2477539;-2837.82149185;4036.9027812;-3795.1845411;-1499.57930628;-5741.7810445;-2721.43562188;0.0
1113;-23559.9546303;2615.81514036;-12041.2204132;4390.34425912;5734.1677729;-5051.22787434;-3812.30840812;-9.27005777047;-5050.6564266;-9291.57155348;-1789.83546682;-6163.49723942;0.0
